title,price,link,company
Frontend-разработчик / HTML-верстальщик,NO-PRICE,https://belgorod.hh.ru/vacancy/50519573?from=vacancy_search_list&hhtmFrom=vacancy_search_list&query=Html-%D0%B2%D0%B5%D1%80%D1%81%D1%82%D0%B0%D0%BB%D1%8C%D1%89%D0%B8%D0%BA,ООО Спортдата
HTML-верстальщик,96 000 – 132 000 руб.,https://belgorod.hh.ru/vacancy/54851033?from=vacancy_search_list&hhtmFrom=vacancy_search_list&query=Html-%D0%B2%D0%B5%D1%80%D1%81%D1%82%D0%B0%D0%BB%D1%8C%D1%89%D0%B8%D0%BA,ООО Вайт Код
HTML-верстальщик,800 – 1 500 USD,https://belgorod.hh.ru/vacancy/47368465?from=vacancy_search_list&hhtmFrom=vacancy_search_list&query=Html-%D0%B2%D0%B5%D1%80%D1%81%D1%82%D0%B0%D0%BB%D1%8C%D1%89%D0%B8%D0%BA,ООО СофтКорп
Frontend-разработчик / HTML-верстальщик,80 000 – 140 000 руб.,https://belgorod.hh.ru/vacancy/55097515?from=vacancy_search_list&hhtmFrom=vacancy_search_list&query=Html-%D0%B2%D0%B5%D1%80%D1%81%D1%82%D0%B0%D0%BB%D1%8C%D1%89%D0%B8%D0%BA,ООО ВОВДИ
Верстальщик HTML + CSS на платформе GetCourse,40 000 – 80 000 руб.,https://belgorod.hh.ru/vacancy/55100859?from=vacancy_search_list&hhtmFrom=vacancy_search_list&query=Html-%D0%B2%D0%B5%D1%80%D1%81%D1%82%D0%B0%D0%BB%D1%8C%D1%89%D0%B8%D0%BA,BIRCH CENTER
HTML-верстальщик,от 70 000 руб.,https://belgorod.hh.ru/vacancy/49784952?from=vacancy_search_list&hhtmFrom=vacancy_search_list&query=Html-%D0%B2%D0%B5%D1%80%D1%81%D1%82%D0%B0%D0%BB%D1%8C%D1%89%D0%B8%D0%BA,CCS (Center of Corporate Solution)
HTML-верстальщик,50 000 – 60 000 руб.,https://belgorod.hh.ru/vacancy/55059938?from=vacancy_search_list&hhtmFrom=vacancy_search_list&query=Html-%D0%B2%D0%B5%D1%80%D1%81%D1%82%D0%B0%D0%BB%D1%8C%D1%89%D0%B8%D0%BA,"NEWMARK, интернет-агентство"
HTML-верстальщик,NO-PRICE,https://belgorod.hh.ru/vacancy/55186743?from=vacancy_search_list&hhtmFrom=vacancy_search_list&query=Html-%D0%B2%D0%B5%D1%80%D1%81%D1%82%D0%B0%D0%BB%D1%8C%D1%89%D0%B8%D0%BA,ООО NOVATEST
Frontend-разработчик / HTML-верстальщик (удаленно),от 60 000 руб.,https://belgorod.hh.ru/vacancy/54599179?from=vacancy_search_list&hhtmFrom=vacancy_search_list&query=Html-%D0%B2%D0%B5%D1%80%D1%81%D1%82%D0%B0%D0%BB%D1%8C%D1%89%D0%B8%D0%BA,Ивит
HTML-верстальщик,до 241 000 руб.,https://belgorod.hh.ru/vacancy/53646743?from=vacancy_search_list&hhtmFrom=vacancy_search_list&query=Html-%D0%B2%D0%B5%D1%80%D1%81%D1%82%D0%B0%D0%BB%D1%8C%D1%89%D0%B8%D0%BA,Ramotion
HTML-верстальщик,от 30 000 руб.,https://belgorod.hh.ru/vacancy/55210126?from=vacancy_search_list&hhtmFrom=vacancy_search_list&query=Html-%D0%B2%D0%B5%D1%80%D1%81%D1%82%D0%B0%D0%BB%D1%8C%D1%89%D0%B8%D0%BA,Tian Group
HTML-верстальщик,1 000 – 2 000 бел. руб.,https://belgorod.hh.ru/vacancy/55193835?from=vacancy_search_list&hhtmFrom=vacancy_search_list&query=Html-%D0%B2%D0%B5%D1%80%D1%81%D1%82%D0%B0%D0%BB%D1%8C%D1%89%D0%B8%D0%BA,ООО Слэмсофт
HTML-верстальщик / Frontend-разработчик,от 40 000 руб.,https://belgorod.hh.ru/vacancy/55074181?from=vacancy_search_list&hhtmFrom=vacancy_search_list&query=Html-%D0%B2%D0%B5%D1%80%D1%81%D1%82%D0%B0%D0%BB%D1%8C%D1%89%D0%B8%D0%BA,ИП Смирнова Анастасия Петровна
HTML-верстальщик,720 – 1 350 USD,https://belgorod.hh.ru/vacancy/44341949?from=vacancy_search_list&hhtmFrom=vacancy_search_list&query=Html-%D0%B2%D0%B5%D1%80%D1%81%D1%82%D0%B0%D0%BB%D1%8C%D1%89%D0%B8%D0%BA,ООО СофтКорп
HTML-верстальщик,NO-PRICE,https://belgorod.hh.ru/vacancy/55141329?from=vacancy_search_list&hhtmFrom=vacancy_search_list&query=Html-%D0%B2%D0%B5%D1%80%D1%81%D1%82%D0%B0%D0%BB%D1%8C%D1%89%D0%B8%D0%BA,Компания CADesign
HTML-верстальщик,40 000 – 50 000 руб.,https://belgorod.hh.ru/vacancy/54684141?from=vacancy_search_list&hhtmFrom=vacancy_search_list&query=Html-%D0%B2%D0%B5%D1%80%D1%81%D1%82%D0%B0%D0%BB%D1%8C%D1%89%D0%B8%D0%BA,Alef
HTML дизайнер-верстальщик,NO-PRICE,https://belgorod.hh.ru/vacancy/49190684?from=vacancy_search_list&hhtmFrom=vacancy_search_list&query=Html-%D0%B2%D0%B5%D1%80%D1%81%D1%82%D0%B0%D0%BB%D1%8C%D1%89%D0%B8%D0%BA,Титан
Frontend-разработчик / HTML-верстальщик,55 000 – 80 000 руб.,https://belgorod.hh.ru/vacancy/55000154?from=vacancy_search_list&hhtmFrom=vacancy_search_list&query=Html-%D0%B2%D0%B5%D1%80%D1%81%D1%82%D0%B0%D0%BB%D1%8C%D1%89%D0%B8%D0%BA,ООО Едем-в-Гости.ру
HTML-верстальщик / Middle Frontend разработчик (Vue j.s.),80 000 – 150 000 руб.,https://belgorod.hh.ru/vacancy/55262078?from=vacancy_search_list&hhtmFrom=vacancy_search_list&query=Html-%D0%B2%D0%B5%D1%80%D1%81%D1%82%D0%B0%D0%BB%D1%8C%D1%89%D0%B8%D0%BA,NAN Agency
HTML-верстальщик,до 241 000 руб.,https://belgorod.hh.ru/vacancy/53646744?from=vacancy_search_list&hhtmFrom=vacancy_search_list&query=Html-%D0%B2%D0%B5%D1%80%D1%81%D1%82%D0%B0%D0%BB%D1%8C%D1%89%D0%B8%D0%BA,Ramotion
HTML-верстальщик,NO-PRICE,https://belgorod.hh.ru/vacancy/54838530?from=vacancy_search_list&hhtmFrom=vacancy_search_list&query=Html-%D0%B2%D0%B5%D1%80%D1%81%D1%82%D0%B0%D0%BB%D1%8C%D1%89%D0%B8%D0%BA,ООО ИнСистем
HTML 5 программист / HTML 5 верстальщик,NO-PRICE,https://belgorod.hh.ru/vacancy/54947988?from=vacancy_search_list&hhtmFrom=vacancy_search_list&query=Html-%D0%B2%D0%B5%D1%80%D1%81%D1%82%D0%B0%D0%BB%D1%8C%D1%89%D0%B8%D0%BA,ALP GROUP
HTML-верстальщик,25 000 – 35 000 руб.,https://belgorod.hh.ru/vacancy/54701841?from=vacancy_search_list&hhtmFrom=vacancy_search_list&query=Html-%D0%B2%D0%B5%D1%80%D1%81%D1%82%D0%B0%D0%BB%D1%8C%D1%89%D0%B8%D0%BA,ИП Галиуллин Марат Гарифуллович
HTML-верстальщик,50 000 – 100 000 руб.,https://belgorod.hh.ru/vacancy/54655859?from=vacancy_search_list&hhtmFrom=vacancy_search_list&query=Html-%D0%B2%D0%B5%D1%80%D1%81%D1%82%D0%B0%D0%BB%D1%8C%D1%89%D0%B8%D0%BA,ООО КаталогСервис
"Верстальщик HTML (Word Press,Open cart, 1 C Битрикс)",200 000 – 1 000 000 KZT,https://belgorod.hh.ru/vacancy/54837585?from=vacancy_search_list&hhtmFrom=vacancy_search_list&query=Html-%D0%B2%D0%B5%D1%80%D1%81%D1%82%D0%B0%D0%BB%D1%8C%D1%89%D0%B8%D0%BA,ТОО Hyper Development
HTML-верстальщик,до 30 000 руб.,https://belgorod.hh.ru/vacancy/54846887?from=vacancy_search_list&hhtmFrom=vacancy_search_list&query=Html-%D0%B2%D0%B5%D1%80%D1%81%D1%82%D0%B0%D0%BB%D1%8C%D1%89%D0%B8%D0%BA,Российская веб-студия
HTML - Верстальщик / Web-мастер,NO-PRICE,https://belgorod.hh.ru/vacancy/54733741?from=vacancy_search_list&hhtmFrom=vacancy_search_list&query=Html-%D0%B2%D0%B5%D1%80%D1%81%D1%82%D0%B0%D0%BB%D1%8C%D1%89%D0%B8%D0%BA,Swiss Medica XXI century
Контент-менеджер,800 – 1 200 бел. руб.,https://belgorod.hh.ru/vacancy/55040394?from=vacancy_search_list&hhtmFrom=vacancy_search_list&query=Html-%D0%B2%D0%B5%D1%80%D1%81%D1%82%D0%B0%D0%BB%D1%8C%D1%89%D0%B8%D0%BA,ООО Слэмсофт
HTML-верстальщик / Frontend-разработчик,NO-PRICE,https://belgorod.hh.ru/vacancy/54932649?from=vacancy_search_list&hhtmFrom=vacancy_search_list&query=Html-%D0%B2%D0%B5%D1%80%D1%81%D1%82%D0%B0%D0%BB%D1%8C%D1%89%D0%B8%D0%BA,Гамма
Бэкенд Разработчик,NO-PRICE,https://belgorod.hh.ru/vacancy/55154882?from=vacancy_search_list&hhtmFrom=vacancy_search_list&query=Html-%D0%B2%D0%B5%D1%80%D1%81%D1%82%D0%B0%D0%BB%D1%8C%D1%89%D0%B8%D0%BA,ООО Вита Мед
HTML-верстальщик,NO-PRICE,https://belgorod.hh.ru/vacancy/54774557?from=vacancy_search_list&hhtmFrom=vacancy_search_list&query=Html-%D0%B2%D0%B5%D1%80%D1%81%D1%82%D0%B0%D0%BB%D1%8C%D1%89%D0%B8%D0%BA,ИП Лихторович Марина Николаевна
HTML-верстальщик,от 25 000 руб.,https://belgorod.hh.ru/vacancy/54656735?from=vacancy_search_list&hhtmFrom=vacancy_search_list&query=Html-%D0%B2%D0%B5%D1%80%D1%81%D1%82%D0%B0%D0%BB%D1%8C%D1%89%D0%B8%D0%BA,ООО Б7-Консалтинг
HTML-верстальщик (remote),90 000 – 150 000 руб.,https://belgorod.hh.ru/vacancy/54649644?from=vacancy_search_list&hhtmFrom=vacancy_search_list&query=Html-%D0%B2%D0%B5%D1%80%D1%81%D1%82%D0%B0%D0%BB%D1%8C%D1%89%D0%B8%D0%BA,ООО МАКСБИТСОЛЮШЕН
HTML-верстальщик,NO-PRICE,https://belgorod.hh.ru/vacancy/52208344?from=vacancy_search_list&hhtmFrom=vacancy_search_list&query=Html-%D0%B2%D0%B5%D1%80%D1%81%D1%82%D0%B0%D0%BB%D1%8C%D1%89%D0%B8%D0%BA,ООО Фриматик
Фронтенд-разработчик/HTML-верстальщик,от 50 000 руб.,https://belgorod.hh.ru/vacancy/54642806?from=vacancy_search_list&hhtmFrom=vacancy_search_list&query=Html-%D0%B2%D0%B5%D1%80%D1%81%D1%82%D0%B0%D0%BB%D1%8C%D1%89%D0%B8%D0%BA,Web-студия Internet-Team
HTML-верстальщик,50 000 – 70 000 руб.,https://belgorod.hh.ru/vacancy/54714029?from=vacancy_search_list&hhtmFrom=vacancy_search_list&query=Html-%D0%B2%D0%B5%D1%80%D1%81%D1%82%D0%B0%D0%BB%D1%8C%D1%89%D0%B8%D0%BA,Orso Bruno
Разработчик мобильных приложений / HTML- верстальщик,NO-PRICE,https://belgorod.hh.ru/vacancy/54756090?from=vacancy_search_list&hhtmFrom=vacancy_search_list&query=Html-%D0%B2%D0%B5%D1%80%D1%81%D1%82%D0%B0%D0%BB%D1%8C%D1%89%D0%B8%D0%BA,AIARA corp
Веб-разработчик (frontend + верстка),NO-PRICE,https://belgorod.hh.ru/vacancy/54651789?from=vacancy_search_list&hhtmFrom=vacancy_search_list&query=Html-%D0%B2%D0%B5%D1%80%D1%81%D1%82%D0%B0%D0%BB%D1%8C%D1%89%D0%B8%D0%BA,ООО ГК СТРУЧАЕВ
Верстальщик email,50 000 – 80 000 руб.,https://belgorod.hh.ru/vacancy/54813305?from=vacancy_search_list&hhtmFrom=vacancy_search_list&query=Html-%D0%B2%D0%B5%D1%80%D1%81%D1%82%D0%B0%D0%BB%D1%8C%D1%89%D0%B8%D0%BA,Bonfire
Vue.js-разработчик/стажер,от 30 000 руб.,https://belgorod.hh.ru/vacancy/54763487?from=vacancy_search_list&hhtmFrom=vacancy_search_list&query=Html-%D0%B2%D0%B5%D1%80%D1%81%D1%82%D0%B0%D0%BB%D1%8C%D1%89%D0%B8%D0%BA,OpenStart
Frontend - разработчик / HTML - Верстальщик,NO-PRICE,https://belgorod.hh.ru/vacancy/54664916?from=vacancy_search_list&hhtmFrom=vacancy_search_list&query=Html-%D0%B2%D0%B5%D1%80%D1%81%D1%82%D0%B0%D0%BB%D1%8C%D1%89%D0%B8%D0%BA,Amio
Web-разработчик (OpenCart),NO-PRICE,https://belgorod.hh.ru/vacancy/54821818?from=vacancy_search_list&hhtmFrom=vacancy_search_list&query=Html-%D0%B2%D0%B5%D1%80%D1%81%D1%82%D0%B0%D0%BB%D1%8C%D1%89%D0%B8%D0%BA,ООО Домостроительный комбинат АПС
HTML-верстальщик,100 000 – 200 000 KZT,https://belgorod.hh.ru/vacancy/55236412?from=vacancy_search_list&hhtmFrom=vacancy_search_list&query=Html-%D0%B2%D0%B5%D1%80%D1%81%D1%82%D0%B0%D0%BB%D1%8C%D1%89%D0%B8%D0%BA,ИП Скоробогатов И.В.
HTML-верстальщик,700 – 800 бел. руб.,https://belgorod.hh.ru/vacancy/55186751?from=vacancy_search_list&hhtmFrom=vacancy_search_list&query=Html-%D0%B2%D0%B5%D1%80%D1%81%D1%82%D0%B0%D0%BB%D1%8C%D1%89%D0%B8%D0%BA,ООО ПаприкашВоркс
Контент менеджер - HTML-верстальщик,300 – 600 бел. руб.,https://belgorod.hh.ru/vacancy/54679286?from=vacancy_search_list&hhtmFrom=vacancy_search_list&query=Html-%D0%B2%D0%B5%D1%80%D1%81%D1%82%D0%B0%D0%BB%D1%8C%D1%89%D0%B8%D0%BA,УП Компания ЯР
"Web-разработчик (OpenCart, WordPress)",500 – 2 500 бел. руб.,https://belgorod.hh.ru/vacancy/54816122?from=vacancy_search_list&hhtmFrom=vacancy_search_list&query=Html-%D0%B2%D0%B5%D1%80%D1%81%D1%82%D0%B0%D0%BB%D1%8C%D1%89%D0%B8%D0%BA,ООО Арт Клай
HTML-верстальщик / Frontend разработчик (Junior),от 100 000 руб.,https://belgorod.hh.ru/vacancy/54721669?from=vacancy_search_list&hhtmFrom=vacancy_search_list&query=Html-%D0%B2%D0%B5%D1%80%D1%81%D1%82%D0%B0%D0%BB%D1%8C%D1%89%D0%B8%D0%BA,Workle Pro
"Верстальщик-разработчик (HTML, CSS, Javascript, PHP)",55 000 – 70 000 руб.,https://belgorod.hh.ru/vacancy/55203962?from=vacancy_search_list&hhtmFrom=vacancy_search_list&query=Html-%D0%B2%D0%B5%D1%80%D1%81%D1%82%D0%B0%D0%BB%D1%8C%D1%89%D0%B8%D0%BA,ООО Баксэт
HTML-верстальщик,90 000 – 120 000 руб.,https://belgorod.hh.ru/vacancy/55026965?from=vacancy_search_list&hhtmFrom=vacancy_search_list&query=Html-%D0%B2%D0%B5%D1%80%D1%81%D1%82%D0%B0%D0%BB%D1%8C%D1%89%D0%B8%D0%BA,Триафлай
HTML-верстальщик (удаленно),NO-PRICE,https://belgorod.hh.ru/vacancy/55187010?from=vacancy_search_list&hhtmFrom=vacancy_search_list&query=Html-%D0%B2%D0%B5%D1%80%D1%81%D1%82%D0%B0%D0%BB%D1%8C%D1%89%D0%B8%D0%BA,MILANA Shoes & Accessories
Junior+/Middle Front-end разработчик,80 000 – 120 000 руб.,https://belgorod.hh.ru/vacancy/54824823?from=vacancy_search_list&hhtmFrom=vacancy_search_list&query=Html-%D0%B2%D0%B5%D1%80%D1%81%D1%82%D0%B0%D0%BB%D1%8C%D1%89%D0%B8%D0%BA,Sborka Project
HTML-верстальщик / Веб-разработчик,30 000 – 50 000 руб.,https://belgorod.hh.ru/vacancy/55035968?from=vacancy_search_list&hhtmFrom=vacancy_search_list&query=Html-%D0%B2%D0%B5%D1%80%D1%81%D1%82%D0%B0%D0%BB%D1%8C%D1%89%D0%B8%D0%BA,Яковлев Максим
HTML-верстальщик,NO-PRICE,https://belgorod.hh.ru/vacancy/55078713?from=vacancy_search_list&hhtmFrom=vacancy_search_list&query=Html-%D0%B2%D0%B5%D1%80%D1%81%D1%82%D0%B0%D0%BB%D1%8C%D1%89%D0%B8%D0%BA,Emphasoft
HTML верстальщик,NO-PRICE,https://belgorod.hh.ru/vacancy/55145480?from=vacancy_search_list&hhtmFrom=vacancy_search_list&query=Html-%D0%B2%D0%B5%D1%80%D1%81%D1%82%D0%B0%D0%BB%D1%8C%D1%89%D0%B8%D0%BA,ФКУ ГОСУДАРСТВЕННЫЕ ТЕХНОЛОГИИ
Junior+/Middle Front-end разработчик,80 000 – 120 000 руб.,https://belgorod.hh.ru/vacancy/54824822?from=vacancy_search_list&hhtmFrom=vacancy_search_list&query=Html-%D0%B2%D0%B5%D1%80%D1%81%D1%82%D0%B0%D0%BB%D1%8C%D1%89%D0%B8%D0%BA,Sborka Project
Frontend-разработчик / HTML-верстальщик / Программист,от 50 000 руб.,https://belgorod.hh.ru/vacancy/54750006?from=vacancy_search_list&hhtmFrom=vacancy_search_list&query=Html-%D0%B2%D0%B5%D1%80%D1%81%D1%82%D0%B0%D0%BB%D1%8C%D1%89%D0%B8%D0%BA,ООО Эксперт Юридических Решений
HTML-верстальщик,от 50 000 руб.,https://belgorod.hh.ru/vacancy/53823872?from=vacancy_search_list&hhtmFrom=vacancy_search_list&query=Html-%D0%B2%D0%B5%D1%80%D1%81%D1%82%D0%B0%D0%BB%D1%8C%D1%89%D0%B8%D0%BA,ООО АБВ сайт
Web-разработчик / HTML-верстальщик,NO-PRICE,https://belgorod.hh.ru/vacancy/54779803?from=vacancy_search_list&hhtmFrom=vacancy_search_list&query=Html-%D0%B2%D0%B5%D1%80%D1%81%D1%82%D0%B0%D0%BB%D1%8C%D1%89%D0%B8%D0%BA,Шариков- СПБ
Web-разработчик / HTML-верстальщик,NO-PRICE,https://belgorod.hh.ru/vacancy/54779802?from=vacancy_search_list&hhtmFrom=vacancy_search_list&query=Html-%D0%B2%D0%B5%D1%80%D1%81%D1%82%D0%B0%D0%BB%D1%8C%D1%89%D0%B8%D0%BA,Шариков- СПБ
Web-разработчик / HTML-верстальщик,NO-PRICE,https://belgorod.hh.ru/vacancy/54779804?from=vacancy_search_list&hhtmFrom=vacancy_search_list&query=Html-%D0%B2%D0%B5%D1%80%D1%81%D1%82%D0%B0%D0%BB%D1%8C%D1%89%D0%B8%D0%BA,Шариков- СПБ
HTML-верстальщик,до 20 000 руб.,https://belgorod.hh.ru/vacancy/54740958?from=vacancy_search_list&hhtmFrom=vacancy_search_list&query=Html-%D0%B2%D0%B5%D1%80%D1%81%D1%82%D0%B0%D0%BB%D1%8C%D1%89%D0%B8%D0%BA,AGAVA
Email-маркетолог,70 000 – 100 000 руб.,https://belgorod.hh.ru/vacancy/55205172?from=vacancy_search_list&hhtmFrom=vacancy_search_list&query=Html-%D0%B2%D0%B5%D1%80%D1%81%D1%82%D0%B0%D0%BB%D1%8C%D1%89%D0%B8%D0%BA,JCat
Fullstack разработчик (.net),NO-PRICE,https://belgorod.hh.ru/vacancy/50616323?from=vacancy_search_list&hhtmFrom=vacancy_search_list&query=Html-%D0%B2%D0%B5%D1%80%D1%81%D1%82%D0%B0%D0%BB%D1%8C%D1%89%D0%B8%D0%BA,Интерфакс
CRM менеджер,NO-PRICE,https://belgorod.hh.ru/vacancy/54886673?from=vacancy_search_list&hhtmFrom=vacancy_search_list&query=Html-%D0%B2%D0%B5%D1%80%D1%81%D1%82%D0%B0%D0%BB%D1%8C%D1%89%D0%B8%D0%BA,SUNLIGHT/САНЛАЙТ
Email-маркетолог (удаленно),NO-PRICE,https://belgorod.hh.ru/vacancy/55060858?from=vacancy_search_list&hhtmFrom=vacancy_search_list&query=Html-%D0%B2%D0%B5%D1%80%D1%81%D1%82%D0%B0%D0%BB%D1%8C%D1%89%D0%B8%D0%BA,ООО Хронос
Email-маркетолог,NO-PRICE,https://belgorod.hh.ru/vacancy/54845358?from=vacancy_search_list&hhtmFrom=vacancy_search_list&query=Html-%D0%B2%D0%B5%D1%80%D1%81%D1%82%D0%B0%D0%BB%D1%8C%D1%89%D0%B8%D0%BA,BetBoom